generator,u64_ops_per_s,f64_ops_per_s,mean_f64,var_f64,chi2_bytes,threads,total_u64,total_f64
std_mt19937_64,344932742.208655,430268837.358696,0.499960,0.083335,229.472240,12,199999992,199999992
