generator,u64_ops_per_s,f64_ops_per_s,mean_f64,var_f64,chi2_bytes,threads,total_u64,total_f64
ranlux48,10165917.290421,9857513.971259,0.499957,0.083336,495890318.247162,12,199999992,199999992
