generator,u64_ops_per_s,f64_ops_per_s,mean_f64,var_f64,chi2_bytes,threads,total_u64,total_f64
std_mt19937,401284354.770095,484680110.104785,0.500012,0.083325,252.423460,12,199999992,199999992
